Category,Total_Apps,Mean_Installs,Median_Installs,Mean_Median_Ratio,Top_10pct_Install_Share,Paid_App_Percentage,Apps_Under_1000_Installs,Apps_Over_1M_Installs
MEDICAL,396,98972.6691919192,1000.0,98.9726691919192,86.23950030894409,20.95959595959596,147,2
FAMILY,1909,4654605.817181771,100000.0,46.546058171817705,86.65664858413072,9.690937663698271,301,330
